id,first_name,last_name,sueldo
1,Bridie,Penk,20675.98
2,Rabi,Ailmer,39788.84
3,Xymenes,Bonde,40434.59
4,Cheryl,Cumberland,43014.50
5,Nataline,Mosby,48624.74
6,Jules,Musterd,28563.20
7,Zorine,Hufton,45338.51
8,Katy,Skillington,42705.16
9,Alexandr,Dulany,41109.31
10,Garnette,Advani,35071.90
11,Jeno,Montfort,40324.33
12,Gonzalo,Vuitte,24647.24
13,Rivy,Crighton,35696.68
14,Sofie,Dunphy,41354.23
15,Francklin,Blackmuir,22280.74
16,Paola,Curle,28738.88
17,Corrianne,Daffey,26198.30
18,Zechariah,Jago,46932.76
19,Shela,Will,39145.17
20,Rasla,Janu,44369.93
21,Lyell,Jeaffreson,34405.47
22,Aland,Collet,27139.23
23,Noellyn,Dyet,22786.59
24,Gare,Lethem,49724.55
25,Dunc,Chasemoore,25954.55
26,Bald,Driscoll,24203.93
27,Dena,Vickress,42805.66
28,Nolie,Drewett,35930.27
29,Imojean,Gellan,21846.31
30,Kathy,Gorvette,34073.07
31,Berti,Jeggo,24276.19
32,Koralle,Duiguid,31799.72
33,Randee,Kunzler,21054.85
34,Gilli,Springer,23963.85
35,Enrique,Debenham,30517.07
36,Reube,Chester,37966.28
37,Audrie,Jobbing,42689.60
38,Audrye,Pevsner,29360.30
39,Nessie,Thairs,43845.27
40,Ilene,Malacrida,40255.49
41,Otha,Stalman,26792.13
42,Juliann,O'Lennachain,48381.83
43,Ax,Whayman,38979.14
44,Blair,Stetson,40317.99
45,Gizela,Arendt,22274.99
46,Rhiamon,Kemster,28905.12
47,Peri,De Souza,28425.83
48,Francisco,Filde,39503.33
49,Emmery,Leban,34314.29
50,Ingeberg,Ambrosini,48402.70
51,Darsey,Apperley,23545.53
52,Sandy,Larcher,44776.03
53,Zsazsa,Kiessel,27361.31
54,Fidela,Bartley,39949.56
55,Dody,Wilkennson,27669.94
56,Lesli,Sexcey,48873.64
57,Kelsey,Godsil,49308.70
58,Jasmine,Hatcher,28787.36
59,Hadleigh,Dance,49035.63
60,Red,Wennington,39494.68
61,Fawnia,Jedrachowicz,27002.14
62,Bob,Troyes,24226.00
63,Randolf,Rewcastle,25113.79
64,Geordie,Gheerhaert,38323.93
65,Kaia,Laughrey,35079.06
66,Annelise,Ravilus,23636.53
67,Angel,Jakobsson,23822.62
68,Hobart,Verbeek,48558.26
69,Preston,Berrisford,26414.39
70,Marcus,Maisey,30239.78
71,Jaquith,Flahy,37129.00
72,Morganne,Fuente,48540.03
73,Antonietta,Conahy,44010.86
74,Luz,Welham,31829.15
75,Denny,Verdy,48165.17
76,Aubert,Chason,40670.45
77,Mason,MacAdie,40240.26
78,Tine,Roselli,21424.25
79,Maurizio,Kleiner,24073.26
80,Rhetta,Sales,29857.94
81,Libby,Cotterill,28838.79
82,Lalo,Ribchester,42190.47
83,Claudine,Pyecroft,47435.09
84,Murielle,Leagas,22517.80
85,Coretta,Maryon,40550.15
86,Allyson,Newberry,32594.20
87,Nikolai,Sumner,37207.46
88,Odo,Trayte,37745.17
89,Morry,Satterlee,36587.28
90,Suzanna,Gurry,25019.42
91,Leeanne,Nockles,26001.21
92,Mirabel,McWhan,35247.22
93,Nye,Cowdroy,47753.05
94,Leonanie,Bilston,23290.72
95,Thatch,Lockner,25976.63
96,Natal,Petrolli,36220.94
97,Isa,Van Salzberger,20387.74
98,Dyanna,Freke,45165.02
99,Jeanna,Pedgrift,28997.69
100,Nancie,Zebedee,43775.80
101,Candice,Salatino,21665.85
102,Roarke,Slym,38242.54
103,Tanitansy,Potkins,26992.00
104,Nathan,Shoutt,41290.78
105,Garfield,Ties,49102.03
106,Ado,Skene,24249.07
107,Griffy,Sember,48769.99
108,Sophie,Willwood,27469.46
109,Yasmeen,Steers,24325.96
110,De,Dobell,34461.52
111,Perkin,Whicher,44207.83
112,Jesse,Visco,30012.69
113,Evered,Ulyet,36238.57
114,Veradis,McCarl,34660.56
115,Lana,Elfleet,30919.45
116,Britte,Hubatsch,32973.38
117,Isabelita,Sante,44253.79
118,Forest,Crampsy,37231.29
119,Stefania,Moodycliffe,24710.21
120,Etienne,MacSorley,22112.62
121,Brew,Shankster,30447.23
122,Orazio,Maddin,35729.64
123,Evania,Rushmere,30101.31
124,Doti,Shields,43257.43
125,Alexei,Lidgerton,39825.99
126,Blane,Genese,45740.69
127,Hilly,Bixley,22192.58
128,Phaedra,Gobert,41405.28
129,Miriam,Halford,23535.29
130,Stephan,Limbourne,43243.57
131,Halsy,Tummons,40377.04
132,Marylou,Siggers,26224.73
133,April,Claire,29006.52
134,Ikey,Hriinchenko,23064.77
135,Emilee,Dudson,48559.10
136,Mayne,Findlater,45402.54
137,Johann,Godar,48487.78
138,Maryanne,Fieldsend,28707.34
139,Maurits,Bemlott,28237.47
140,Martie,Vasovic,27906.32
141,Alene,Jeggo,34241.69
142,Wileen,O'Sharkey,31643.07
143,Cammi,Gouinlock,45304.51
144,Sophey,Kennewell,23693.98
145,Jeno,Camies,42190.94
146,Rochella,Gavagan,42475.89
147,Shantee,Penny,42102.85
148,Royal,Spratt,29106.22
149,Mariam,Weine,23906.15
150,Doti,Trundell,36603.69
151,Dot,Hamnett,34443.84
152,Valera,Olcot,31410.69
153,Isadore,Shore,20965.78
154,Janna,Cavozzi,37769.56
155,Marieann,Youthead,32587.09
156,Maribelle,Castana,24965.44
157,Marti,Vassie,42116.28
158,Devin,Milkins,25164.38
159,Harwilll,Iaduccelli,37892.43
160,Bentlee,Suggate,23005.92
161,Regine,Medlen,43601.87
162,Merill,Ship,37975.04
163,Eula,Banstead,43431.01
164,Karole,Gosse,44587.65
165,Moses,Birkenhead,28669.93
166,Zaneta,Dannatt,47297.42
167,Cart,Van Giffen,38518.24
168,Amanda,Skains,21268.65
169,Darelle,Lautie,32118.98
170,Mitchel,Fairs,25082.40
171,Gannon,O'Kenny,32591.19
172,Kassandra,Tolomio,29637.63
173,Calvin,Inderwick,29476.38
174,Kattie,Collabine,21090.26
175,Isadore,Gillott,38028.12
176,Colet,Haggis,29859.39
177,Rozamond,Child,26107.64
178,Alain,Glede,41179.57
179,Isabelita,Autie,22471.17
180,Fredelia,Layfield,26461.47
181,Fionna,Skeates,37928.50
182,Colleen,Scawn,23644.14
183,Monro,Crawforth,31043.82
184,Marlin,Bassingden,40784.82
185,Abby,Micah,44182.11
186,Carleen,Dibner,34179.48
187,Livia,Richings,21133.25
188,Carney,Olsen,34843.42
189,Hanna,Goman,28871.04
190,Mathias,Meredyth,22577.23
191,Hollie,Wudeland,36559.76
192,Pepita,Paramor,49137.82
193,Welbie,Huntly,42624.93
194,Crosby,Sains,29973.99
195,Natty,Alexandrou,36815.18
196,Millard,Shillitoe,24390.24
197,Reynold,Tomaszewicz,41577.63
198,Bruis,Gashion,45416.09
199,Reynold,Cromblehome,45497.22
200,Luelle,Dolling,40934.45
201,Car,Jeffryes,31771.55
202,Anett,Loughnan,46251.86
203,Daisie,Babbe,20326.32
204,Chet,Forst,40879.80
205,Matilde,Mapston,32281.83
206,Truda,Jorat,25528.24
207,Joice,Whitney,49394.47
208,Theodora,Wemm,25680.99
209,Penni,Trafford,22606.87
210,Nancie,McKane,47556.37
211,Galvan,Doram,25773.24
212,Yovonnda,Bastock,44913.62
213,Reg,Nowland,38511.50
214,Danice,Rushworth,49588.29
215,Newton,Eskriett,49437.56
216,Hinda,Moreno,43844.52
217,Charisse,Schieferstein,35776.12
218,Joli,De Bruyn,34676.41
219,Rodrigo,Waby,44611.15
220,Peri,Daykin,38494.77
221,Gustie,Hellen,30140.27
222,Stillman,Nanni,38512.05
223,Filberto,Gleeton,31204.89
224,Gardie,Hynd,47255.82
225,Chrissie,Iskowicz,47792.66
226,Lydia,Cases,28667.89
227,Halley,Ewbanche,29838.12
228,Harrietta,Oxby,48491.17
229,Melva,Romanski,39182.72
230,Stuart,Elia,41855.42
231,Hartwell,Dillintone,23546.41
232,Antoinette,Norway,24706.99
233,Kendall,Lovstrom,27360.54
234,Fania,Ramey,34805.50
235,Illa,Bigadike,33136.14
236,Parry,Clarson,40586.35
237,Napoleon,Fidgett,20135.95
238,Breena,McCafferty,40567.56
239,Sarah,L' Anglois,30764.28
240,Bernette,Mincher,29367.08
241,Prentiss,Meysham,39370.43
242,Donnie,Ryam,27522.53
243,Elie,Rhule,42286.30
244,Amii,Alred,22354.07
245,Charla,VanBrugh,36254.15
246,Husein,Skitch,48409.92
247,Carlota,Bolino,37967.34
248,Trevar,Truse,23725.71
249,Winny,O'Sullivan,30866.52
250,Chrotoem,Ousley,20849.90
251,Suzy,Gilhouley,37246.53
252,Roma,Treker,48389.49
253,Mareah,Tripet,45741.17
254,Ugo,Temperley,39948.14
255,Angus,Washington,37892.30
256,Augustin,Kimble,36028.55
257,Meggy,Skeen,20871.59
258,Eleen,Kibel,33920.53
259,Rodolph,Hards,21913.56
260,Samuel,La Batie,42659.14
261,Lynda,Baudouin,49881.05
262,Elicia,Giacomuzzi,32876.47
263,Carrol,Bowcock,20476.72
264,Nolan,Sire,47461.03
265,Ashly,Toffel,24007.19
266,Edyth,Olyfant,27255.49
267,Mata,Brereton,45137.63
268,Juli,Ballchin,43865.29
269,Jayson,Childe,33735.53
270,Ursola,Wilstead,28645.12
271,Alphard,Breslane,23545.43
272,Dania,Stainsby,41478.08
273,Conny,Kinman,45387.71
274,Imogene,Bruneton,40815.88
275,Leandra,Fontelles,23279.57
276,Claudianus,Codlin,45422.72
277,Hebert,Brauner,21446.07
278,Wallace,Follett,27219.52
279,Merill,Bradnock,26499.66
280,Donna,Meriguet,33621.67
281,Myrvyn,Lakenton,49859.50
282,Dannie,Harley,21425.81
283,Sibylle,Manwell,29794.97
284,Dasie,Fasham,49966.16
285,Nathan,Marion,23755.55
286,Rurik,Shevlan,39461.75
287,Elwira,Roffey,25846.18
288,Kerrie,Bosnell,45042.04
289,Ilario,Losel,43534.30
290,Leann,Gavrielly,43012.36
291,Henrik,Rippon,27318.83
292,Cati,Weymouth,34997.33
293,Bord,Scamerdine,29684.14
294,Steffi,Critoph,36755.43
295,Nonnah,Feak,20498.30
296,Chris,Greenough,48425.54
297,Garreth,Skelhorn,27366.53
298,Allene,Rodman,27434.08
299,Otes,Carmichael,35814.45
300,Theo,Joynes,33947.97
301,Glenn,Loadwick,32175.05
302,Webster,Bartlam,40401.18
303,Desirae,Ilewicz,47038.75
304,Kendell,Kyndred,40784.79
305,Fonzie,Monsey,41656.91
306,Napoleon,Caplin,44607.36
307,Herc,Halsworth,23592.21
308,Ansel,Pattisson,30918.13
309,Marion,Kyd,35837.67
310,Nolie,Krienke,26020.14
311,Melany,Yeates,21884.87
312,Celle,Mullard,24471.97
313,Pacorro,Getty,37036.61
314,Cristobal,Shuter,20490.03
315,Buckie,Goldby,44106.95
316,Laney,Le febre,49211.60
317,Antoni,Sircomb,41656.69
318,Petronille,Deniseau,20655.01
319,Collen,Nevin,47647.00
320,Brok,Umbers,32634.37
321,Glennie,Vanns,31709.13
322,Alexine,Manoch,42807.81
323,Emmalee,Shirland,35715.77
324,Joanna,Buffery,41366.38
325,Teodoor,Walch,37408.11
326,Tarra,Mechem,40006.25
327,Garrard,Bampford,45764.48
328,Adelaide,Stebbing,23651.73
329,Eugenius,Press,30338.77
330,Leland,Douglass,27308.03
331,Elsa,Tulley,26854.60
332,Damiano,Housegoe,45078.14
333,Cookie,Foch,49006.36
334,Federico,Riddell,27762.33
335,Garv,Ligertwood,37509.26
336,Cari,Bousquet,40373.88
337,Connie,Willshere,42317.39
338,Kaitlin,Brewett,39528.98
339,Dale,Bleasdale,41051.46
340,Welsh,Kolyagin,24981.94
341,Mandi,Kikke,44132.44
342,Marcia,Seater,39868.81
343,Doroteya,Crockatt,20626.12
344,Melissa,Hilland,32732.32
345,Barrie,Sparshott,49815.75
346,Ellswerth,Iacovides,35617.90
347,Shell,Oldnall,21983.08
348,Dyna,Fawbert,26843.64
349,Aviva,Cowpertwait,28037.60
350,Natala,Jablonski,44748.05
351,Morna,Bane,41528.13
352,Fiann,Hamblin,29684.94
353,Harv,Codron,40897.32
354,Thurston,Presnail,34543.11
355,Randie,Mennear,21448.85
356,Kitty,Tumayan,25234.86
357,Kelvin,Fobidge,43702.38
358,Darlene,Mulqueen,34602.83
359,Jase,Herries,27989.98
360,Teddi,Bartkiewicz,38032.18
361,Stoddard,Cromie,42966.02
362,Gennie,Sowerbutts,42724.36
363,Broderick,Neicho,30357.45
364,Stillman,Giannasi,24849.33
365,Sheffield,Fernyhough,41976.60
366,Orton,Jiricka,21969.48
367,Ware,Wreiford,44458.20
368,Justus,Orto,38998.24
369,Sallee,Gettone,23527.51
370,Aleda,Martonfi,42239.52
371,Olympia,Cappell,24242.10
372,Zelma,Studholme,30553.83
373,Kynthia,Parmeter,33086.43
374,Koral,Hovert,31053.76
375,Winn,Vinas,34706.80
376,Trumann,Menel,31029.07
377,Duffie,Matis,41572.15
378,Almeria,Tyce,31134.42
379,Elwyn,Rothschild,22710.87
380,Boyce,Ianittello,32268.91
381,Natividad,Cartmel,22852.67
382,Bert,Guilaem,32004.13
383,Rice,Rosenfarb,27613.62
384,Yvon,Mangenet,38086.68
385,Whitney,Burdess,44265.09
386,Tandie,Ferrige,21556.19
387,Joel,Gatus,27321.51
388,Chrystel,Gribbin,44085.22
389,Gav,Blandamore,39196.03
390,Kristofor,Brehaut,22787.62
391,Bertie,Lenormand,31298.12
392,Paulita,Lindner,45849.07
393,Danni,Banbrick,33163.91
394,Karrie,Peterson,45760.17
395,Ado,Petticrow,27774.68
396,Kayley,Beartup,32766.01
397,Vicky,Ivashintsov,28484.57
398,Jessamine,Perigoe,26654.55
399,Aimil,Kennaird,37709.08
400,Roselia,Broxis,43898.08
401,Cody,Thaxter,46277.75
402,Lombard,Borley,30584.68
403,Stesha,Dandison,35134.74
404,Jayne,Fearnside,42520.54
405,Elly,Romney,40535.10
406,Lurlene,Yantsurev,26385.10
407,Cassandry,Ulster,40046.21
408,Katie,Sheather,49547.80
409,Shirlene,Norgate,35126.93
410,Tyrus,Kliche,20278.54
411,Kasey,O'Brien,48408.55
412,Cecil,Denne,23870.73
413,Chere,Ondricek,20026.16
414,Dee dee,Camamill,28161.97
415,Tynan,Aukland,24586.92
416,Carce,Cramer,44630.17
417,Zechariah,Pioch,40505.21
418,Tremaine,Bromell,46223.73
419,Cornell,Frigot,33810.54
420,Keene,Coombes,24897.43
421,Sula,Boocock,29222.46
422,Terry,Polini,48753.43
423,Anett,Bartolomivis,25009.54
424,Ginelle,Meale,34475.98
425,Tonia,Upex,33251.56
426,Trenton,Derill,22886.41
427,Drucill,Servante,40012.99
428,Anissa,Catmull,45592.14
429,Aguie,Voules,44735.07
430,Nessi,Racher,49863.03
431,Gerald,Wythe,26196.30
432,Reinhold,Richardson,39206.73
433,Towny,Hennington,40078.64
434,Geordie,Center,46102.05
435,Filippa,Whereat,46610.22
436,Abbey,Alman,42449.52
437,Tybie,Oakden,31920.60
438,Cheri,Diddams,28407.37
439,Wilie,O'Loughlin,26694.08
440,Merrili,Cowley,42654.15
441,Frasco,Brookton,43425.72
442,Angel,Harvatt,33030.19
443,Felecia,Morley,34104.73
444,Mord,Dietsche,34038.15
445,Cecilius,Woodcock,24290.19
446,Allx,Foulger,28657.74
447,Bartie,Glasspoole,23378.71
448,Tootsie,Van Velde,49189.47
449,Eleni,Muat,34381.90
450,Gayleen,Shimoni,26388.58
451,Harriet,Bulfoy,40130.72
452,Jeremy,Kniveton,23617.48
453,Aimil,Papes,49627.33
454,Justen,Marciek,26098.96
455,Tildie,Fearfull,30611.85
456,Beilul,Pibsworth,49494.16
457,Emili,Buxcey,34354.91
458,Sanson,Allberry,46206.69
